PHI	PSI
-63.94120847206755	-40.22665816834852
-56.389919582560985	-50.17351175825101
-90.29189644027822	10.899414643077138
-76.8682439065982	-22.15482470755924
-92.30869078225747	154.74625862724693
-72.55609863962191	-33.59193956133542
-73.62706407670933	-42.89300425199891
-96.376377297119	112.70301920555382
-140.0003217846	158.35494864429097
-99.9214167685406	136.75109444139548
-85.1837832091233	75.94049777993516
-78.6783724455683	125.9459815186161
-117.4574312372434	126.09056124234313
-136.6311527611593	164.5182448209208
-93.0111859626409	109.5299171461633
-145.08395307312864	157.1032203501313
-100.00872229457866	138.28630142295597
-85.57196302445978	75.4204962377942
-82.51862341225139	120.19775365494647
-121.22697000849645	117.64005728478102
-137.69632056918562	163.11662333165967
-167.32339889269466	168.95565317539115
-58.09794916417258	-29.21590039801433
-66.408731512178	-39.45646815417759
-147.35090437549636	-16.676391675989134
-62.57905072297939	-39.41944531907974
-107.4477602015472	-4.469018861876576
-59.17066624910622	-52.0861347982105
-63.85161854141821	-53.622458077288485
-156.29211439602176	174.5873797159658
-59.40664912622679	-26.644643934523124
-67.08377832794098	-40.53321973143173
-145.95547294234453	-17.213447901274776
-60.570982447693034	-38.80380660927225
-104.83172715934279	2.14638261833392
-57.76787899146984	-47.90841959574175
-63.24930166479157	-49.038464396195415
-122.74454080653756	16.56108553757244
-100.1347737782235	119.43195307882965
-144.7604222579093	155.93208732259623
-109.0577043782934	142.23574198998418
-81.55460690682602	66.3970111437525
-160.61001128303573	140.1618633539222
-91.10085926166019	126.55386105862631
-129.55333607679106	124.92189672194823
-147.80803324148386	163.71276244637247
-156.40291290138506	173.8983337618389
-47.98977082041437	-40.42034872282839
-151.09521417384573	158.12020241047824
-111.79536225439325	147.08689800610185
49.06751305377777	42.89666832378434
-140.19491633985388	154.14880627305476
-64.7715641608541	-49.08833070476044
-58.98169860254889	-50.2127843261117
-63.842983791460306	-29.93330724885749
-61.51170015937189	-40.97498907792486
-70.23265028802815	-32.51518087727652
-60.79683992306703	-48.609449276471715
-94.447019437202	129.56437165099297
-160.33897111384698	168.79723517404463
-52.95400765376668	-37.909320913356886
-152.0738379933717	158.82667274038957
-103.96917537054003	117.17377078115175
78.93960900084119	24.823007768042295
-138.7592763966588	152.28550434687742
-57.41007945655571	-47.095655377044665
-60.46960032695048	-36.35688515776824
-63.079802122653	-32.0884470224332
-52.65440293296333	-51.63820433965957
-68.98810762199729	-47.08240140501262
-48.653455335534964	-42.854952438726016
-52.882532831801555	123.84135701030841
